Year,Rider,,Constructor,
1949,Leslie Graham,Flag UK United Kingdom,AJS,
1950,Umberto Masetti,Flag Italy Italy,Gilera,  
1951,Geoff Duke,Flag UK United Kingdom,Norton / Gilera,
1952,Umberto Masetti,Flag Italy Italy,Gilera,
1953,Geoff Duke,Flag UK United Kingdom,Norton / Gilera,
1954,Geoff Duke,Flag UK United Kingdom,Norton / Gilera,
1955,Geoff Duke,Flag UK United Kingdom,Norton / Gilera,
1956,John Surtees,Flag UK United Kingdom,MV Agusta,
1957,Libero Liberati,Flag Italy Italy,Gilera,
1958,John Surtees,Flag UK United Kingdom,MV Agusta,
1959,John Surtees,Flag UK United Kingdom,MV Agusta,
1960,John Surtees,Flag UK United Kingdom,MV Agusta,
1961,Gary Hocking,Flag Rhodesia Rhodesia,MV Agusta,
1962,Mike Hailwood,Flag UK United Kingdom,MV Agusta,
1963,Mike Hailwood,Flag UK United Kingdom,MV Agusta,
1964,Mike Hailwood,Flag UK United Kingdom,MV Agusta,
1965,Mike Hailwood,Flag UK United Kingdom,MV Agusta,
1966,Giacomo Agostini,Flag Italy Italy,MV Agusta / Yamaha,
1967,Giacomo Agostini,Flag Italy Italy,MV Agusta / Yamaha,
1968,Giacomo Agostini,Flag Italy Italy,MV Agusta / Yamaha,
1969,Giacomo Agostini,Flag Italy Italy,MV Agusta / Yamaha,
1970,Giacomo Agostini,Flag Italy Italy,MV Agusta / Yamaha,
1971,Giacomo Agostini,Flag Italy Italy,MV Agusta / Yamaha,
1972,Giacomo Agostini,Flag Italy Italy,MV Agusta / Yamaha,
1973,Phil Read,Flag UK United Kingdom,MV Agusta,
1974,Phil Read,Flag UK United Kingdom,MV Agusta,
1975,Giacomo Agostini,Flag Italy Italy,MV Agusta / Yamaha,
1976,Barry Sheene,Flag UK United Kingdom,Suzuki,
1977,Barry Sheene,Flag UK United Kingdom,Suzuki,
1978,Kenny Roberts,Flag USA USA,Yamaha,
1979,Kenny Roberts,Flag USA USA,Yamaha,
1980,Kenny Roberts,Flag USA USA,Yamaha,
1981,Marco Lucchinelli,Flag Italy Italy,Suzuki,
1982,Franco Uncini,Flag Italy Italy,Suzuki,
1983,Freddie Spencer,Flag USA USA,Honda,
1984,Eddie Lawson,Flag USA USA,Yamaha / Honda,
1985,Freddie Spencer,Flag USA USA,Honda,
1986,Eddie Lawson,Flag USA USA,Yamaha / Honda,
1987,Wayne Gardner,Flag Australia Australia,Honda,
1988,Eddie Lawson,Flag USA USA,Yamaha / Honda,
1989,Eddie Lawson,Flag USA USA,Yamaha / Honda,
1990,Wayne Rainey,Flag Australia Australia,Yamaha,
1991,Wayne Rainey,Flag Australia Australia,Yamaha,
1992,Wayne Rainey,Flag Australia Australia,Yamaha,
1993,Kevin Schwantz,Flag USA USA,Suzuki,
1994,Mick Doohan,Flag Australia Australia,Honda,
1995,Mick Doohan,Flag Australia Australia,Honda,
1996,Mick Doohan,Flag Australia Australia,Honda,
1997,Mick Doohan,Flag Australia Australia,Honda,
1998,Mick Doohan,Flag Australia Australia,Honda,
1999,Àlex Crivillé,Flag Spain Spain,Honda,
2000,Kenny Roberts Jr.,Flag USA USA,Suzuki,
2001,Valentino Rossi,Flag Italy Italy,Honda / Yamaha,
2002,Valentino Rossi,Flag Italy Italy,Honda / Yamaha,
2003,Valentino Rossi,Flag Italy Italy,Honda / Yamaha,
2004,Valentino Rossi,Flag Italy Italy,Honda / Yamaha,
2005,Valentino Rossi,Flag Italy Italy,Honda / Yamaha,
2006,Nicky Hayden,Flag USA USA,Honda,
2007,Casey Stoner,Flag Australia Australia,Ducati / Honda,
2008,Valentino Rossi,Flag Italy Italy,Honda / Yamaha,
2009,Valentino Rossi,Flag Italy Italy,Honda / Yamaha,
2010,Jorge Lorenzo,Flag Spain Spain,Yamaha,
2011,Casey Stoner,Flag Australia Australia,Ducati / Honda,
2012,Jorge Lorenzo,Flag Spain Spain,Yamaha,
2013,Marc Márquez,Flag Spain Spain,Honda,
2014,Marc Márquez,Flag Spain Spain,Honda,
2015,Jorge Lorenzo,Flag Spain Spain,Yamaha,
2016,Marc Márquez,Flag Spain Spain,Honda,
2017,Marc Márquez,Flag Spain Spain,Honda,
2018,Marc Márquez,Flag Spain Spain,Honda,
2019,Marc Márquez,Flag Spain Spain,Honda,
2020,Joan Mir,Flag Spain Spain,Suzuki,
2021,Fabio Quartararo,Flag France France,Yamaha,
2022,Francesco Bagnaia,Flag Italy Italy,Ducati,
2023,Francesco Bagnaia,Italy,Ducati,
